-- MySQL dump 10.13  Distrib 8.0.31, for Win64 (x86_64)
--
-- Host: localhost    Database: testing
-- ------------------------------------------------------
-- Server version	8.0.31

/*!40101 SET @OLD_CHARACTER_SET_CLIENT=@@CHARACTER_SET_CLIENT */;
/*!40101 SET @OLD_CHARACTER_SET_RESULTS=@@CHARACTER_SET_RESULTS */;
/*!40101 SET @OLD_COLLATION_CONNECTION=@@COLLATION_CONNECTION */;
/*!50503 SET NAMES utf8 */;
/*!40103 SET @OLD_TIME_ZONE=@@TIME_ZONE */;
/*!40103 SET TIME_ZONE='+00:00' */;
/*!40014 SET @OLD_UNIQUE_CHECKS=@@UNIQUE_CHECKS, UNIQUE_CHECKS=0 */;
/*!40014 SET @OLD_FOREIGN_KEY_CHECKS=@@FOREIGN_KEY_CHECKS, FOREIGN_KEY_CHECKS=0 */;
/*!40101 SET @OLD_SQL_MODE=@@SQL_MODE, SQL_MODE='NO_AUTO_VALUE_ON_ZERO' */;
/*!40111 SET @OLD_SQL_NOTES=@@SQL_NOTES, SQL_NOTES=0 */;

--
-- Table structure for table `answer`
--

DROP TABLE IF EXISTS `answer`;
/*!40101 SET @saved_cs_client     = @@character_set_client */;
/*!50503 SET character_set_client = utf8mb4 */;
CREATE TABLE `answer` (
  `id` int NOT NULL AUTO_INCREMENT,
  `text` varchar(150) NOT NULL,
  `is_correct` tinyint NOT NULL DEFAULT '0',
  `question_id` int NOT NULL,
  PRIMARY KEY (`id`),
  UNIQUE KEY `id_UNIQUE` (`id`),
  KEY `fk_answer_question1_idx` (`question_id`),
  CONSTRAINT `fk_answer_question1` FOREIGN KEY (`question_id`) REFERENCES `question` (`id`)
) ENGINE=InnoDB AUTO_INCREMENT=638 DEFAULT CHARSET=utf8mb4 COLLATE=utf8mb4_0900_ai_ci;
/*!40101 SET character_set_client = @saved_cs_client */;

--
-- Dumping data for table `answer`
--

LOCK TABLES `answer` WRITE;
/*!40000 ALTER TABLE `answer` DISABLE KEYS */;
INSERT INTO `answer` VALUES (127,'2',0,29),(128,'3',0,29),(129,'4',1,29),(130,'5',0,29),(131,'mustn’t',1,30),(132,'must',0,30),(133,'ought to',0,30),(134,'shouldn\'t',0,30),(135,'have been visited',0,31),(136,'are visited',1,31),(137,'were visited',0,31),(138,' will be visited',0,31),(139,'was made',0,32),(140,' is made',1,32),(141,'has been made',0,32),(142,' will be made',0,32),(143,'will be held',0,33),(144,' is held',0,33),(145,'was held',1,33),(146,' was hold',0,33),(147,' be done',1,34),(148,' is done',0,34),(149,' be did',0,34),(150,' will be done',0,34),(151,'Is.......produced',1,35),(152,'Does .......produce',0,35),(153,'Are .......produced',0,35),(154,'Is ....... produce',0,35),(155,'is ...... made',0,36),(156,' was ...... made',1,36),(157,' will ....... made',0,36),(158,'were ....... made',0,36),(159,'will be ....... checked',0,37),(160,' is ........ checked',0,37),(161,'was ........ checked',0,37),(162,' are ....... checked',1,37),(163,' were founded',0,38),(164,'was found',0,38),(165,'is founded',0,38),(166,' was founded',1,38),(167,' am taken',0,39),(168,'was taken',1,39),(169,' took',0,39),(170,'was took',0,39),(171,'are spended',0,40),(172,'is spent',0,40),(173,'will be spent',0,40),(174,'are spent',1,40),(175,'gave',0,41),(176,' was given',0,41),(177,'will be given',0,41),(178,'are given',1,41),(179,'must',0,42),(180,'mustn\'t',0,42),(181,'should',1,42),(182,'must',0,43),(183,'have to',0,43),(184,'mustn\'t',1,43),(185,'should',0,44),(186,'shouldn\'t',0,44),(187,'don\'t have',0,44),(188,'ought',1,44),(189,'should to',0,45),(190,'ought',0,45),(191,'shouldn\'t',0,45),(192,'should',1,45),(193,'ought',0,46),(194,'mustn\'t',0,46),(195,'doesn\'t have to',0,46),(196,' has to',1,46),(197,'must',0,47),(198,' don\'t have to',1,47),(199,'must not',0,47),(200,'have to',0,47),(201,'should',0,48),(202,'shouldn\'t',1,48),(203,'must',0,48),(204,'have to',0,48),(205,'have to',0,49),(206,'ought to',0,49),(207,'ought',1,49),(208,'must',0,49),(209,'have to',0,50),(210,' don\'t have to',1,50),(211,'mustn\'t to',0,50),(212,'ought',0,50),(213,'mustn\'t',1,51),(214,'shouldn\'t',0,51),(215,' ought to',0,51),(216,'must to',0,51),(217,' have to',0,52),(218,'ought',0,52),(219,'must',0,52),(220,'should',1,52),(221,'Для вибору спортивного одягу реклама найпотрібніша.',0,53),(222,'Найбільш поширені є костюми та футболки.',0,53),(223,'Такий одяг сьогодні один з найпопулярніших.',0,53),(224,'Реклама пропонує найбільш найзручніші способи оплати.',1,53),(228,'Якісних',1,55),(229,'Відносних',0,55),(230,'Присвійних',0,55),(231,'Короткої форми',0,55),(232,'Численні розкопки',0,56),(233,'Я стрічав у дорозі',0,56),(234,' Талановитий народ',1,56),(235,'Ярославова гордість',0,56),(236,' Тихі води дніпрові',0,56),(237,'Купецький караван',0,56),(238,'Тихі води дніпрові',0,54),(239,'Я стрічав у дорозі',1,54),(240,'Сині хмари, діброви',0,54),(241,'Світле волосся',0,57),(242,'Пластикова пляшка',1,57),(243,'Собачий ошийник',0,57),(244,'Ясний ранок',0,57),(245,'Київ - саме давнє місто нашої країни.',1,58),(246,'У змаганні перемагає розумніший суперник.',0,58),(247,'Мудре слово глибше від безодні.',0,58),(248,' Чим темніша ніч, тим ясніші зорі.',0,58),(249,'Наша команда більш дружніша за інші команди.',1,59),(250,'Легка атлетика включає найрізноманітніші види спорту.',0,59),(251,'Біг - найдавніше спортивне заняття людини.',0,59),(252,'Бігуни змагаються на різних дистанціях.',0,59),(253,'1',0,60),(254,'10',0,60),(255,'9',0,60),(256,'7',1,60),(257,'6',0,60),(258,'8',0,60),(259,'8',0,61),(260,'5',0,61),(261,'4',1,61),(262,'1',0,61),(263,'10',1,62),(264,'11',0,62),(265,'20',0,62),(266,'9',0,62),(267,'20',0,63),(268,'21',1,63),(269,'10',0,63),(270,'24',0,63),(271,'14',0,64),(272,'29',0,64),(273,'30',1,64),(274,'25',0,64),(275,'3',1,65),(276,'6',0,65),(277,'2',0,65),(278,'4',0,65),(279,'33',0,66),(280,'2',0,66),(281,'11',0,66),(282,'3',1,66),(283,'віч/на/віч, по/домашньому, будь/де',1,67),(284,' по/людськи, як/небудь, як/найбільше',0,67),(285,' в/тричі, колись/то, хтозна/куди',0,67),(286,' де/не/де, в/цілому, по/четверте',0,67),(287,'до/речі, без/кінця/краю, далеко/таки',0,67),(288,'сам/на/сам, по/домашньому, коли/небудь',0,68),(289,'по/лицарськи, як/небудь, в/двічі',0,68),(290,'якось/то, хтозна/куди, як/небудь',1,68),(291,' де/не/де, в/основному, по/четверо',0,68),(292,' під/гору, хоч/не/хоч, далеко/таки',0,68),(293,'спідлоба, вдвічі, аніскільки',1,69),(294,'уранці, день у день, в п’яте',0,69),(295,'поза торік, як-не-як, на жаль',0,69),(296,'будь ласка, що ночі, по-перше',0,69),(297,'з ліва, раз у раз, ледве-ледве',0,69),(298,'на/пам’ять, на/жаль, до/купи',0,70),(299,'на/гора, до/віку, с/підлоба',0,70),(300,'мимо/волі, на/завжди, в/основному',0,70),(301,'що/найвище, до/вподоби, без/вісти',0,70),(302,'о/півночі, на/двоє, на/перекір',1,70),(303,'зроду-віку, з давніх-давен, спрадавна',0,71),(304,'видимо-невидимо, анічичирк, аби-де',0,71),(305,'як-не-як, в основному, по-чиновницьки',1,71),(306,'більш-менш, хтозна-коли, довкруги',0,71),(307,'по-четверте, всього-на-всього, щосереди',0,71),(308,'по/моєму, казна/куди, хоч/не/хоч',1,72),(309,'рік/у/рік, урешті/решт, хтозна/коли',0,72),(310,'по/вашому, на/добраніч, якось/то',0,72),(311,'по/іспанськи, уряди/годи, по/одинці',0,72),(312,'будь/що/будь, по/четверте, на/випла',0,72),(313,'Високо - вище, вузько - вужче, гучно - гучніше',0,73),(314,'Рішуче - найрішучіше, важливіше - найважливіше, довше - найдовше',0,73),(315,'Високо - високіше, дуже - дуще, тонко - більш тонкіше',1,73),(316,'Рясно - більш рясно, строго - більш строго, гучно - більш гучно',0,73),(317,' Спосіб дії.',1,74),(318,'Мета дії.',0,74),(319,'Місце дії.',0,74),(320,'Час дії.',0,74),(321,'віддан...о, невгамовн...о, зран..я',0,75),(322,'негадан...о, сумлін..о, спросон...я',0,75),(323,'старан...о, щоден...о, відмін..о',1,75),(324,'безупин...о, радісн...о, сон...о',0,75),(325,'Дім, в якому не живуть, не/одмінно зруйнується.',0,76),(326,'Не/рідко смішний початок закінчується сльозами.',0,76),(327,'Не/завтра добрим словом, а сьогодні озватися б хоч пошепки до вас.',1,76),(328,'Дзвін був не/вимовно ласкавий',0,76),(329,'(не) винно, (не) дорого, (не) швидко',0,77),(330,'(не) далеко, а близько, зовсім(не) дорого ',1,77),(331,'(не) востаннє, (не) вороже, (не) якісно',0,77),(332,'(не) вдало, (не) дуже вдало, (не) ймовірно',0,77),(333,'Цей чоловік (не)спокійно поглядав на двері, наче чекав когось.',0,78),(334,'Заходь у воду, не бійся, тут (не)глибоко, а мілко.',1,78),(335,'Хлопець говорив (не)весело.',0,78),(336,'Я (не)одмінно дочекаюся тебе після уроків.',0,78),(337,'Роби добре або ні/як.',0,79),(338,'Лінивому все ні/коли.',0,79),(339,'Дайте води, бо їсти хочеться, що переночувати ні/де.',0,79),(340,'Ні/холодно ні/жарко.',1,79),(341,'Шлях ліворуч був найкоротший.',0,80),(342,'Поважно гомонять старі каштани.',0,80),(343,'Найдужче цінував я хліб в житті.',0,80),(344,'На серці в хлопця спокійно.',1,80),(345,'ні/де, ні/куди',0,81),(346,'ні/як, ні/коли',0,81),(347,'ні/сяк ні/так',1,81),(348,'ні/куди, ні/звідки',0,81),(349,'I like read books.',0,82),(350,'I like the reading books.',0,82),(351,'I like reading books.',1,82),(352,'I likes to read books.',0,82),(353,'I hate drinking milk.',1,83),(354,'I like drinking milk',0,83),(355,'I don\'t like drinking milk.',0,83),(356,'I love drinking milk.',0,83),(357,'I like paint!',0,84),(358,'I love painting!',1,84),(359,'I like to draw!',0,84),(360,'I love paints',0,84),(361,'I enjoy go shopping',0,85),(362,'I enjoy going shopping',1,85),(363,'I enjoy go to shops',0,85),(364,'I enjoy to go shopping',0,85),(365,'play',0,86),(366,'plays',1,86),(367,'feed',0,87),(368,'feeds',1,87),(369,'walk',1,88),(370,'walks',0,88),(371,'cook',1,89),(372,'cooks',0,89),(373,'play',1,90),(374,'plays',0,90),(375,'carry',0,91),(376,'carries',1,91),(377,'like',1,92),(378,'likes',0,92),(379,'run',0,93),(380,'runs',1,93),(381,'like',0,94),(382,'likes',1,94),(383,'don\'t swim',1,95),(384,'doesn\'t swim',0,95),(385,'nurse',0,96),(386,'firefighter',0,96),(387,'waiter',1,96),(388,' lorry driver',0,96),(389,'farmer',0,97),(390,'journalist',0,97),(391,'musician',0,97),(392,'photographer',1,97),(393,'journalist',1,98),(394,'waitress',0,98),(395,'firefighter',0,98),(396,'footballer',0,98),(397,'nurse',1,99),(398,'driver',0,99),(399,'teacher',0,99),(400,'farmer',0,99),(409,'driver',0,100),(410,'waiter',0,100),(411,'firefighter',0,100),(412,'farmer',1,100),(413,'farmer',0,101),(414,'firefighter',0,101),(415,'waiter',0,101),(416,'footballer',1,101),(417,'doctor',0,102),(418,'journalist',0,102),(419,'lorry driver',1,102),(420,'musician',0,102),(421,'носова порожнина - гортань - трахея - бронхи -легені',1,103),(422,'носова порожнина - трахея - гортань - бронхи - легені',0,103),(423,'лише артеріальна',1,104),(424,'лише венозна',0,104),(425,'артеріальна і венозна',0,104),(426,'білки',0,105),(427,'жири',0,105),(428,'вуглеводи',1,105),(429,'нуклеїнові кислоти',0,105),(430,'обмін речовин',1,106),(431,'харчування',0,106),(432,'всмоктування',0,106),(433,'залоза',1,107),(434,'гормон',0,107),(435,'фермент',0,107),(436,'лімфа, плазма',0,108),(437,'тромбоцити, еритроцити, лейкоцити',1,108),(438,'еритроцити, лейкоцити',0,108),(439,'серця',0,109),(440,'легень',1,109),(441,'шлунка',0,109),(442,'Щитоподібна',1,110),(443,'Епіфіз',1,110),(444,'Надниркові',1,110),(445,'Слізні',0,110),(446,'Слинні',0,110),(447,'органічних',1,111),(448,'неорганічних',0,111),(449,'змішаних',0,111),(450,'органічних',0,112),(451,'неорганічних',0,112),(452,'змішаних',1,112),(453,'середньої сили',0,113),(454,'слабка',0,113),(455,'сильна',1,113),(456,'хлоридна',0,114),(457,'сульфатна',1,114),(458,'бромідна',0,114),(459,'ортофосфатна',0,114),(460,'Сульфідна',0,115),(461,'Карбонатна',1,115),(462,'Хлоридна',0,115),(463,'Сульфатна',0,115),(464,'Хлоридна',0,116),(465,'Сульфатна',0,116),(466,'Силікатна',1,116),(467,'Нітратна',0,116),(468,'Цинк',1,117),(469,'Аргентум',1,117),(470,'Магній',1,117),(471,'Аурум',0,117),(472,'Розбавленою',0,118),(473,'Концентрованою',1,118),(474,'Обидві відповіді правильні',0,118),(475,'Більшість з них розчинні у воді',1,119),(476,'Серед кислот немає твердих речовин',1,119),(477,'Мають кислий смак',0,119),(478,'Високі температури кипіння',0,119),(479,'Невисокі температури кипіння',1,119),(480,'кислоти з основою з утворенням солі та води',1,120),(481,'кислотного оксиду з водою з утворенням кислоти',0,120),(482,'кислоти з металом лівіше водню в ряду активності металів',0,120),(483,'водню та кисню з утворенням води',0,120),(484,'розкладання карбонатної кислоти під час нагрівання',0,120),(485,'кислоти з металом правіше водню в ряду активності металів',0,120),(486,'хлоридна кислота',0,121),(487,'вода',0,121),(488,'нітратна кислота',1,121),(489,'сульфідна кислота',0,121),(490,'сульфітна кислота',1,121),(491,'ортофосфатна кислота',1,121),(492,'Роман Мстиславич',0,122),(493,'Данило Романович',1,122),(494,'Василько Романович',0,122),(495,'Лев Данилович',0,122),(496,'1187 році',0,123),(497,'1199 році',1,123),(498,'1205 році',0,123),(499,'1223 році',0,123),(500,'бояри',0,124),(501,'сини Данило та Василько',1,124),(502,'Ігоровичі',0,124),(503,'Мстислав Удатний',0,124),(504,'1199 році',0,125),(505,'1202 році',0,125),(506,'1205 році',1,125),(507,'1206 році',0,125),(508,'Ярослав Осмомисл',0,126),(509,'Андрій Боголюбський',0,126),(510,'Мстислав Удатний',0,126),(511,'Мстислав Ярославович',1,126),(512,'1206 році',0,127),(513,'1223 році',0,127),(514,'1236 році',0,127),(515,'1238 році',1,127),(516,'Дорогочин',1,128),(517,'Холм',0,128),(518,'Галич',0,128),(519,'Волинь',0,128),(520,'1205 році',0,129),(521,'1223 році',1,129),(522,'1236 році',0,129),(523,'1238 році',0,129),(524,'Холм',0,130),(525,'Дніпро',0,130),(526,'Калка',1,130),(527,'Прип\'ять',0,130),(528,'Батий',0,131),(529,'Бурундай',0,131),(530,'Чінгісхан',1,131),(531,'Мамай',0,131),(535,'що освіта не була дуже поширена на цих землях',0,132),(536,'освіта була тут дуже поширена серед різних верств суспільства',1,132),(537,'збереглось дуже мало пам\'яток про це',0,132),(538,' \"Галицько-Волинський літопис\"     ',1,133),(539,'Волинський літопис',0,133),(540,'\"Повість про осліплення Василька\"',0,133),(541,'однієї частини, описані події 1258-1290 рр., та приділяється увага розвитку культури на землях Галичини і Волині',0,134),(542,'двох частин, описані події 1205-1258 рр., та життя Данила Галицького',1,134),(543,'повного опису історії Галицько-Волинської держави',0,134),(544,'так',1,135),(545,'ні',0,135),(546,'місцевий камінь',0,136),(547,'цегла',0,136),(548,'дерево',1,136),(549,'іконостас',0,137),(550,'вхідна брама до вівтаря',0,137),(551,'дитинець',1,137),(552,'городище',0,137),(553,'скульптура',1,138),(554,'мініатюра',0,138),(555,'архітектура',0,138),(556,'фресковий живопис',1,138),(557,'іконопис',0,138),(558,'Дорогобузька ікона',0,139),(559,'Ікона-мініатюра Іоанн Златоуст',0,139),(560,'Вишгородська ікона',0,139),(561,'Холмська ікона',1,139),(562,'То зоря згасає, то меркне місяць у чорній млі.',1,140),(563,'У небі то світло місяця розгоряється, то гаснуть зірки.',0,140),(564,'За лісом сонце сходило і розсіювалося біле плетиво хмар.',0,140),(565,'Тече вода в синє море, та не витікає.',0,140),(566,'Україна - це тихі води і ясні зорі, зелені сади, білі хати.',0,141),(567,'Пахнуть гіацинти, нарциси, бузок.',1,141),(568,'Настало душне і гаряче літо.',0,141),(569,'Іноді під ногами хрускає лісова гіллячка або жолудь.',0,141),(570,'Рідна мамо моя як багато дала ти мені в житті.',0,142),(571,'Катерина Пилипівна так звали нашу бабусю знала багато народних пісень.',1,142),(572,'Дивовижний незбагненний світ відкривався переді мною.',0,142),(573,'Є в нас сила і правда і слава і земля своя рідна',0,142),(574,'Відтак із п’ятирічного віку тендітна гуцулка губиться в горах і шукає чарівне червоне яблуко.',0,143),(575,'Біля віконної рами висить невелике чотирикутне дзеркало.',0,143),(576,'Міцні чоловічі пальці тримають маленький різець і торкаються ним серцевини липи.',0,143),(577,'Падали на пісок сині зелені жовті жовтогарячі кружала світу.',1,143),(578,'Приємно й хороше було кататись',1,144),(579,'Хороше й приємне слово звеселило душу',0,144),(580,'Його полонили не так багатства наявних рослин, як їх життєва сила',1,144),(581,'Яблуні дихають цвітом росяно, червоно й біло',0,144),(582,'Хоч у лісі, хоч у полі шукатиму долі.',0,145),(583,'І в душу западуть і волошки, і поле.',1,145),(584,'Усе на землі прагне сонця, спокою, радості.',0,145),(585,'І день, і ніч, і тисячі ночей, спасибі вам за цю Шехеризаду',0,145),(586,'Вона кинулася в комірчину до скрині, і внесла цілу купу вишитих рушників.',0,146),(587,'Довга шовкова сукня вже була готова до весілля.',0,146),(588,'Християнство стало серйозним стимулом до розгортання великого будівництва і світських і культових споруд.',1,146),(589,'По хуторах і пасіках, по байраках, і долинах ні на хвилину не затихав спів',1,146),(590,'розведене пастухами ще зранку.',0,147),(591,'що залишили недолугі туристи.',0,147),(592,'і ховається за ліс сонце.',0,147),(593,'і залишає по собі лише іскорки.',1,147),(594,'1',0,148),(595,'2',0,148),(596,'3',0,148),(597,'4',1,148),(598,'14',0,149),(599,'-14',1,149),(600,'4',0,149),(601,'-4',0,149),(602,'19,2',0,150),(603,'-19,2',0,150),(604,'-3,2',1,150),(605,'3,2',0,150),(606,'-65,8',0,151),(607,'0',1,151),(608,'65,8',0,151),(609,'64,18',0,151),(610,'39,7',0,152),(611,'-39,7',0,152),(612,'3,9',0,152),(613,'-3,9',1,152),(614,'69,47',0,153),(615,'-69,47',1,153),(616,'2,87',0,153),(617,'-2,87',0,153),(618,'12,73',0,154),(619,'-12,72',0,154),(620,'1,73',1,154),(621,'-1,73',0,154),(622,'-10',0,155),(623,'10',0,155),(624,'28',0,155),(625,'-28',1,155),(626,'-1',1,156),(627,'0',0,156),(628,'1',0,156),(629,'10',0,156),(630,'10',1,157),(631,'-10',0,157),(632,'0',0,157),(633,'1',0,157),(634,'23',1,158),(635,'-23',0,158),(636,'-53',0,158),(637,'25',0,158);
/*!40000 ALTER TABLE `answer` ENABLE KEYS */;
UNLOCK TABLES;

--
-- Table structure for table `difficulty`
--

DROP TABLE IF EXISTS `difficulty`;
/*!40101 SET @saved_cs_client     = @@character_set_client */;
/*!50503 SET character_set_client = utf8mb4 */;
CREATE TABLE `difficulty` (
  `id` int NOT NULL AUTO_INCREMENT,
  `difficulty_name` varchar(10) COLLATE utf8mb4_general_ci NOT NULL,
  PRIMARY KEY (`id`),
  UNIQUE KEY `id_UNIQUE` (`id`),
  UNIQUE KEY `difficulty_name_UNIQUE` (`difficulty_name`)
) ENGINE=InnoDB AUTO_INCREMENT=4 DEFAULT CHARSET=utf8mb4 COLLATE=utf8mb4_general_ci;
/*!40101 SET character_set_client = @saved_cs_client */;

--
-- Dumping data for table `difficulty`
--

LOCK TABLES `difficulty` WRITE;
/*!40000 ALTER TABLE `difficulty` DISABLE KEYS */;
INSERT INTO `difficulty` VALUES (1,'EASY'),(3,'HARD'),(2,'MEDIUM');
/*!40000 ALTER TABLE `difficulty` ENABLE KEYS */;
UNLOCK TABLES;

--
-- Table structure for table `question`
--

DROP TABLE IF EXISTS `question`;
/*!40101 SET @saved_cs_client     = @@character_set_client */;
/*!50503 SET character_set_client = utf8mb4 */;
CREATE TABLE `question` (
  `id` int NOT NULL AUTO_INCREMENT,
  `text` varchar(400) NOT NULL,
  `test_id` int NOT NULL,
  PRIMARY KEY (`id`),
  UNIQUE KEY `id_UNIQUE` (`id`),
  KEY `fk_question_test1_idx` (`test_id`),
  CONSTRAINT `fk_question_test1` FOREIGN KEY (`test_id`) REFERENCES `test` (`id`)
) ENGINE=InnoDB AUTO_INCREMENT=159 DEFAULT CHARSET=utf8mb4 COLLATE=utf8mb4_0900_ai_ci;
/*!40101 SET character_set_client = @saved_cs_client */;

--
-- Dumping data for table `question`
--

LOCK TABLES `question` WRITE;
/*!40000 ALTER TABLE `question` DISABLE KEYS */;
INSERT INTO `question` VALUES (29,'2+2=...',3),(30,'Don’t talk in the library! It’s not permitted. \r\nYou  ____________  talk in the library.',4),(31,'The Great Pyramids ________ by thousands of tourists every day.',1),(32,'Tea _______ from leaves of the tea plant.',1),(33,'The international conference ________ in Quebec last month.',1),(34,'The task must _________ on time.',1),(35,'________ olive oil_____ in France?',1),(36,'Coca-Cola _______first ______in Atlanta, USA, on 8 May 1886.',1),(37,'Tests ________ usually _____ by our teacher.',1),(38,'This city __________ in the 16th century.',1),(39,'I _______ to the theatre yesterday.',1),(40,'Weekends ________ outdoors by most English people.',1),(41,'Every year, several prizes .... (to give) to the best students.',1),(42,'You need to try and eat more fruit, if you can. You _________________ try and eat more fruit.',4),(43,'It’s not allowed to take photos here. You _________________ take photos here.',4),(44,'It’s a good idea to see the doctor about your injured leg, I think. I think you _________________ to see a doctor about your injured leg. ',4),(45,'Don’t let me forget to ring my grandma this evening. I _________________ ring my grandma this evening. ',4),(46,'Dad’s a doctor, so he works at weekends. He has no choice. Dad’s a doctor, so he _________________ work at weekends.',4),(47,'It’s not necessary to run. We’ve got time. We _________________ run. ',4),(48,'I don’t think it’s a good idea to eat lots of chocolate before dinner. You _________________ eat lots of chocolate before dinner.',4),(49,'These instructions are difficult to follow. They ____________ to explain things better.',4),(50,'You ________________ come to the party if you don’t feel well.',4),(51,'Passengers _______________ open the door when the train is moving.',4),(52,'You have passed all your tests. You _______________ be very pleased with yourself.',4),(53,'У якому реченні допущено помилку',2),(54,'У якому рядку немає прикметника?',2),(55,'До яких прикметників можна додавати слово дуже?',2),(56,'Укажіть рядок, у якому є якісний прикметник.',2),(57,'Укажіть рядок, у якому є відносний прикметник.',2),(58,'Знайдіть рядок з помилкою.',2),(59,'Знайдіть рядок з помилкою.',2),(60,'5+2=...',3),(61,'13-9=...',3),(62,'15-5=...',3),(63,'3*7=...',3),(64,'5*6=...',3),(65,'9/3=...',3),(66,'33/11=...',3),(67,'Через дефіс треба писати всі прислівники в рядку',5),(68,'Через дефіс пишуться всі прислівники рядка',5),(69,'Правильно написано всі прислівники рядка',5),(70,'Разом пишуться всі прислівники в рядку',5),(71,'Окремо треба писати всі прислівники в рядку',5),(72,'Через дефіс треба писати всі прислівники в рядку',5),(73,'У якому рядку ступені порівняння прислівників утворено неправильно.',5),(74,'До якого розряду належать прислівники: добре, по-весняному, тепло?',5),(75,'Укажіть рядок, де всі прислівники слід писати з -нн-',5),(76,'Окремо пишемо прислівник з часткою НЕ в реченні',5),(77,'Не з прислівниками пишеться окремо в усіх словах рядка',5),(78,'Укажіть речення, у якому прислівник пишеться з НЕ окремо.',5),(79,'Прислівник з НІ пишемо окремо в реченні',5),(80,'Прислівник виконує роль присудка в реченні',5),(81,'Окремо з НІ пишемо прислівники',5),(82,'Я люблю читати книжки.',6),(83,'Я терпіти не можу пити молоко.',6),(84,'Я люблю малювати фарбами!',6),(85,'Я дуже люблю ходити за покупками.',6),(86,'She ... the guitar.',13),(87,'Jo ... the cat.',13),(88,'I ... the dog.',13),(89,'We ... dinner.',13),(90,'They ... football.',13),(91,'Marry ... the shopping.',13),(92,'You ... fish.',13),(93,'Tom ... fast.',13),(94,'The dog ... meat.',13),(95,'You ... in winter.',13),(96,'A ______ works in a cafe or restaurant.',14),(97,'A ________ takes pictures.',14),(98,'A ______ writes new stories.',14),(99,'A _______ helps the doctor',14),(100,'A __________ grows fruit and vegetables.',14),(101,'A _______ runs a lot',14),(102,'A _______drives a lot',14),(103,'Виберіть правильну послідовність органів, з яких складається дихальна система:',11),(104,'Артерії - це судини, якими рухається кров:',11),(105,'У ротовій порожнині внаслідок дії слини розщеплюються:',11),(106,'Процес надходження речовин із зовнішнього середовища в ор­ганізм, їхнє перетворення і виведення продуктів життєдіяльності - це:',11),(107,'Печінка - це:',11),(108,'До формених елементів крові належить:',11),(109,'Туберкульоз – це хвороба:',11),(110,'До залоз внутрішньої секреції належать',11),(111,'Оцтова кислота належить до кислот...',12),(112,'Нітратна кислота належить до кислот...',12),(113,'Хлоридна кислота - це кислота',12),(114,'До двохосновних кислот належить...',12),(115,'Кислота, яка утворюється під час газування води..',12),(116,'Нерозчинна у воді кислота ...',12),(117,'Виберіть активні метали, які взаємодіють з кислотами',12),(118,'Мідь взаємодіє з сульфатною кислотою...',12),(119,'Виберіть властивості кислот...',12),(120,'Реакція нейтралізації це взаємодія:',12),(121,'До оксигеновмісних кислот відносяться (декілька)',12),(122,'Про якого князя сказано у Галицько-Волинському літописі: «Був він державцем всієї Руської землі, … кидався був на поганих, як той лев, … і переходив землю їх, як той орел, а хоробрий був, як той тур, бо він ревно наслідував предка свого Мономаха»?',15),(123,'Об`єднання Галицького і Волинського князівств відбулось у:',15),(124,'По смерті князя Романа Мстиславовича спадкоємцями галицько-волинського престолу стали:',15),(125,'Князь Роман Мстиславович загинув у бою під Завихвостом у:',15),(126,'Союзником Данила та Василька у поверненні батьківської отчини був князь:',15),(127,'Галичем Данило Романович оволодів у:',15),(128,'У 1238 році князь Данило розгромив військо рицарів Добжинського ордену поблизу міста:',15),(129,'Перша сутичка об\'єднаного війська русичів та половців проти монголо-татар відбулась у:',15),(130,'Вкажіть назву річки, про яку йдеться мова у документі: \"На ріці ... татари встріли їх, війська половецькі і руські. Мстислав Мстиславович тим часом повелів Данилові попереду перейти з полками ріку ... і іншим полкам піти з ним, а сам після нього перейшов\":',15),(131,'До кордонів Руської держави військо монголо-татар вперше привів хан:',15),(132,'Пам\'ятки давньоруської писемності свідчать:',16),(133,'Який літопис вважають найяскравішою пам\'яткою літописання Королівства Руського?',16),(134,'Літопис Галицько-Волинський складається із...',16),(135,'В архітектурі переважало кам\'яне будівництво?',16),(136,'Який місцевий будівельний матеріал використовували у Галичині?',16),(137,'Укріплена частина міста - це.',16),(138,'Які жанри образотворчого мистецтва були поширені у Галицько-Волинському князівстві?',16),(139,'Ікона, намальована на кипарисових дошках, збережена у поганому стані.',16),(140,'Однорідними членами ускладнено речення.',18),(141,'Однорідні члени поєднані змішаним зв′язком у речення',18),(142,'Однорідні означення є в реченні (розділові знаки пропущено).',18),(143,'Однорідні означення вжито в реченні (розділові знаки пропущено)',18),(144,'Зазначте речення, у якому однорідними членами речення є обставини (відповідь не одна)',18),(145,'Однорідні підмети вжито в реченні',18),(146,'Укажіть речення, у яких наявні пунктуаційні помилки (правильна відповідь не одна)',18),(147,'Ряд однорідних членів утвориться, якщо обрати такий варіант продовження речення : Неквапливо згасає вечірнє вогнище ….. вибрати:',18),(148,'\"Кобзар\" перечитували (1) заучували напамять і переписували в Києві (2) у Харкові (3) у Полтаві (4) і в інших містах і селах по обидва боки Дніпра.\r\n\r\nКому треба ставити на місці всіх цифр, ОКРІМ',18),(149,'-5 +(- 9) =',19),(150,'8 + (-11,2) =',19),(151,'-32,9+32,9 =',19),(152,'17,9+(-21,8) =',19),(153,'Знайди значення виразу\r\n\r\n-5,79+(-27,51+(-36,17))',19),(154,'Виконай додавання\r\n\r\n-5,5+7,23',19),(155,'До суми чисел -3,17 і -19 додайте число протилежне числу 5,83',19),(156,'Обчислити суму\r\n\r\n8+(-7)+1+(-4)+11+(-5)+7+(-12)',19),(157,'Знайди значення виразу\r\n\r\n15+12+(-17)+19+(-18)+(-1)',19),(158,'Знайди суму всіх цілих чисел,які задовольняють нерівність:-12,9<х<10,1',19);
/*!40000 ALTER TABLE `question` ENABLE KEYS */;
UNLOCK TABLES;

--
-- Table structure for table `role`
--

DROP TABLE IF EXISTS `role`;
/*!40101 SET @saved_cs_client     = @@character_set_client */;
/*!50503 SET character_set_client = utf8mb4 */;
CREATE TABLE `role` (
  `id` int NOT NULL AUTO_INCREMENT,
  `role_name` varchar(15) COLLATE utf8mb4_general_ci NOT NULL,
  PRIMARY KEY (`id`),
  UNIQUE KEY `id_UNIQUE` (`id`),
  UNIQUE KEY `role_name_UNIQUE` (`role_name`)
) ENGINE=InnoDB AUTO_INCREMENT=4 DEFAULT CHARSET=utf8mb4 COLLATE=utf8mb4_general_ci;
/*!40101 SET character_set_client = @saved_cs_client */;

--
-- Dumping data for table `role`
--

LOCK TABLES `role` WRITE;
/*!40000 ALTER TABLE `role` DISABLE KEYS */;
INSERT INTO `role` VALUES (1,'ADMIN'),(3,'BLOCKED'),(2,'STUDENT');
/*!40000 ALTER TABLE `role` ENABLE KEYS */;
UNLOCK TABLES;

--
-- Table structure for table `subject`
--

DROP TABLE IF EXISTS `subject`;
/*!40101 SET @saved_cs_client     = @@character_set_client */;
/*!50503 SET character_set_client = utf8mb4 */;
CREATE TABLE `subject` (
  `id` int NOT NULL AUTO_INCREMENT,
  `subject_name` varchar(20) COLLATE utf8mb4_general_ci NOT NULL,
  PRIMARY KEY (`id`),
  UNIQUE KEY `id_UNIQUE` (`id`),
  UNIQUE KEY `subject_name_UNIQUE` (`subject_name`)
) ENGINE=InnoDB AUTO_INCREMENT=8 DEFAULT CHARSET=utf8mb4 COLLATE=utf8mb4_general_ci;
/*!40101 SET character_set_client = @saved_cs_client */;

--
-- Dumping data for table `subject`
--

LOCK TABLES `subject` WRITE;
/*!40000 ALTER TABLE `subject` DISABLE KEYS */;
INSERT INTO `subject` VALUES (5,'BIOLOGY'),(6,'CHEMISTRY'),(1,'ENGLISH'),(4,'HISTORY'),(3,'MATH'),(7,'PHYSICS'),(2,'UKRAINIAN');
/*!40000 ALTER TABLE `subject` ENABLE KEYS */;
UNLOCK TABLES;

--
-- Table structure for table `test`
--

DROP TABLE IF EXISTS `test`;
/*!40101 SET @saved_cs_client     = @@character_set_client */;
/*!50503 SET character_set_client = utf8mb4 */;
CREATE TABLE `test` (
  `id` int NOT NULL AUTO_INCREMENT,
  `name` varchar(100) NOT NULL,
  `subject_id` int NOT NULL,
  `difficulty_id` int NOT NULL,
  `duration` int NOT NULL,
  PRIMARY KEY (`id`),
  UNIQUE KEY `id_UNIQUE` (`id`),
  KEY `fk_test_difficulty1_idx` (`difficulty_id`),
  KEY `fk_test_subject1_idx` (`subject_id`),
  CONSTRAINT `fk_test_difficulty1` FOREIGN KEY (`difficulty_id`) REFERENCES `difficulty` (`id`),
  CONSTRAINT `fk_test_subject1` FOREIGN KEY (`subject_id`) REFERENCES `subject` (`id`)
) ENGINE=InnoDB AUTO_INCREMENT=20 DEFAULT CHARSET=utf8mb4 COLLATE=utf8mb4_0900_ai_ci;
/*!40101 SET character_set_client = @saved_cs_client */;

--
-- Dumping data for table `test`
--

LOCK TABLES `test` WRITE;
/*!40000 ALTER TABLE `test` DISABLE KEYS */;
INSERT INTO `test` VALUES (1,'Passive Voice Revision',1,2,15),(2,'Прикметники. Якісні, відносні, присвійні',2,1,20),(3,'Операції додавання, віднімання, множення та ділення',3,1,1),(4,'Modal verbs',1,2,0),(5,'Підготовка до ЗНО (прислівники)',2,3,100),(6,'Grammar . The Gerund',1,1,10),(11,'Біологія. Людина',5,2,10),(12,'Хімія. Кислоти і метали',6,1,0),(13,'Present simple',1,2,0),(14,'My Digital Life. Professions',1,3,20),(15,'Утворення Галицько-Волинської держави.',4,2,15),(16,'Культура Галицько-Волинської держави ХІІІ - пер. пол. ХІV ст.',4,1,10),(18,'Однорідні члени речення. Узагальнення. 8 клас',2,2,25),(19,'Додавання раціональних чисел',3,1,5);
/*!40000 ALTER TABLE `test` ENABLE KEYS */;
UNLOCK TABLES;

--
-- Table structure for table `test_result`
--

DROP TABLE IF EXISTS `test_result`;
/*!40101 SET @saved_cs_client     = @@character_set_client */;
/*!50503 SET character_set_client = utf8mb4 */;
CREATE TABLE `test_result` (
  `id` int NOT NULL AUTO_INCREMENT,
  `user_id` int NOT NULL,
  `test_id` int NOT NULL,
  `result` float NOT NULL,
  PRIMARY KEY (`id`,`user_id`,`test_id`),
  UNIQUE KEY `id_UNIQUE` (`id`),
  KEY `fk_user_has_test_test1_idx` (`test_id`),
  KEY `fk_user_has_test_user1_idx` (`user_id`),
  CONSTRAINT `fk_user_has_test_test1` FOREIGN KEY (`test_id`) REFERENCES `test` (`id`),
  CONSTRAINT `fk_user_has_test_user1` FOREIGN KEY (`user_id`) REFERENCES `user` (`id`)
) ENGINE=InnoDB AUTO_INCREMENT=3 DEFAULT CHARSET=utf8mb4 COLLATE=utf8mb4_0900_ai_ci;
/*!40101 SET character_set_client = @saved_cs_client */;

--
-- Dumping data for table `test_result`
--

LOCK TABLES `test_result` WRITE;
/*!40000 ALTER TABLE `test_result` DISABLE KEYS */;
INSERT INTO `test_result` VALUES (1,1,1,45.45),(2,1,1,100);
/*!40000 ALTER TABLE `test_result` ENABLE KEYS */;
UNLOCK TABLES;

--
-- Table structure for table `user`
--

DROP TABLE IF EXISTS `user`;
/*!40101 SET @saved_cs_client     = @@character_set_client */;
/*!50503 SET character_set_client = utf8mb4 */;
CREATE TABLE `user` (
  `id` int NOT NULL AUTO_INCREMENT,
  `email` varchar(45) NOT NULL,
  `password` varchar(255) NOT NULL,
  `name` varchar(45) NOT NULL,
  `surname` varchar(45) NOT NULL,
  `role_id` int NOT NULL DEFAULT '2',
  PRIMARY KEY (`id`),
  UNIQUE KEY `email_UNIQUE` (`email`),
  UNIQUE KEY `id_UNIQUE` (`id`),
  KEY `fk_user_role1_idx` (`role_id`),
  CONSTRAINT `fk_user_role1` FOREIGN KEY (`role_id`) REFERENCES `role` (`id`)
) ENGINE=InnoDB AUTO_INCREMENT=8 DEFAULT CHARSET=utf8mb4 COLLATE=utf8mb4_0900_ai_ci;
/*!40101 SET character_set_client = @saved_cs_client */;

--
-- Dumping data for table `user`
--

LOCK TABLES `user` WRITE;
/*!40000 ALTER TABLE `user` DISABLE KEYS */;
INSERT INTO `user` VALUES (1,'admin@gmail.com','$argon2i$v=19$m=15360,t=2,p=1$Vn2fsqAa1NBNX+QsW9BYUw$kOvYlysqIxm10eN+R+SKCSyRL3co37HUESNMC7OLGBA','Admin','Admin',1),(2,'student1@gmail.com','$argon2i$v=19$m=15360,t=2,p=1$Vn2fsqAa1NBNX+QsW9BYUw$kOvYlysqIxm10eN+R+SKCSyRL3co37HUESNMC7OLGBA','First','Student',2),(3,'student2@gmail.com','$argon2i$v=19$m=15360,t=2,p=1$Vn2fsqAa1NBNX+QsW9BYUw$kOvYlysqIxm10eN+R+SKCSyRL3co37HUESNMC7OLGBA','Другий','Студент',2),(4,'blockeduser@gmail.com','$argon2i$v=19$m=15360,t=2,p=1$Vn2fsqAa1NBNX+QsW9BYUw$kOvYlysqIxm10eN+R+SKCSyRL3co37HUESNMC7OLGBA','Blocked','User',3),(5,'student3@gmail.com','$argon2i$v=19$m=15360,t=2,p=1$Vn2fsqAa1NBNX+QsW9BYUw$kOvYlysqIxm10eN+R+SKCSyRL3co37HUESNMC7OLGBA','Third','Student',2),(6,'admin2@gmail.com','$argon2i$v=19$m=15360,t=2,p=1$/oLShpJ1ZcWTXrPMrdcwCw$9k9aLN2Hq8Xfc0gxelJjrO6DZjs+lapDtTICY1Jc/go','Second','Administrator',1),(7,'somestudent@gmail.com','$argon2i$v=19$m=15360,t=2,p=1$MQECM6/TNGEOPCThC8NvWQ$UxgpVezEfiGlxpVKrhC0lmzjKNx9ujf8wzg59N00/V0','Some','Student',2);
/*!40000 ALTER TABLE `user` ENABLE KEYS */;
UNLOCK TABLES;
/*!40103 SET TIME_ZONE=@OLD_TIME_ZONE */;

/*!40101 SET SQL_MODE=@OLD_SQL_MODE */;
/*!40014 SET FOREIGN_KEY_CHECKS=@OLD_FOREIGN_KEY_CHECKS */;
/*!40014 SET UNIQUE_CHECKS=@OLD_UNIQUE_CHECKS */;
/*!40101 SET CHARACTER_SET_CLIENT=@OLD_CHARACTER_SET_CLIENT */;
/*!40101 SET CHARACTER_SET_RESULTS=@OLD_CHARACTER_SET_RESULTS */;
/*!40101 SET COLLATION_CONNECTION=@OLD_COLLATION_CONNECTION */;
/*!40111 SET SQL_NOTES=@OLD_SQL_NOTES */;

-- Dump completed on 2023-02-15 14:28:01
